labelName,labelNo,template,obsA,obsB,dice,hausdorff,nA,nB
BN_STR_Pu,201,0,0,0,1.0,0.0,16147,16147
BN_STR_Pu,201,0,0,1,0.943710075264,2.09999996424,16147,15475
BN_STR_Pu,201,0,0,2,0.889229130608,4.99899981485,16147,13897
BN_STR_Pu,201,0,1,0,0.943710075264,2.96984843041,15475,16147
BN_STR_Pu,201,0,1,1,1.0,0.0,15475,15475
BN_STR_Pu,201,0,1,2,0.891597439739,6.4915328363,15475,13897
BN_STR_Pu,201,0,2,0,0.889229130608,4.94974738401,13897,16147
BN_STR_Pu,201,0,2,1,0.891597439739,5.23832025228,13897,15475
BN_STR_Pu,201,0,2,2,1.0,0.0,13897,13897
BN_STR_Pu,201,1,0,0,1.0,0.0,16436,16436
BN_STR_Pu,201,1,0,1,0.930635110468,2.61916012614,16436,15338
BN_STR_Pu,201,1,0,2,0.899536825625,3.4999999404,16436,14222
BN_STR_Pu,201,1,1,0,0.930635110468,2.96984843041,15338,16436
BN_STR_Pu,201,1,1,1,1.0,0.0,15338,15338
BN_STR_Pu,201,1,1,2,0.905886332882,5.81463660502,15338,14222
BN_STR_Pu,201,1,2,0,0.899536825625,4.0211937841,14222,16436
BN_STR_Pu,201,1,2,1,0.905886332882,4.19999992847,14222,15338
BN_STR_Pu,201,1,2,2,1.0,0.0,14222,14222
BN_STR_Pu,201,2,0,0,1.0,0.0,16235,16235
BN_STR_Pu,201,2,0,1,0.935319905966,2.52388584984,16235,15243
BN_STR_Pu,201,2,0,2,0.901259888661,3.7696153008,16235,14482
BN_STR_Pu,201,2,1,0,0.935319905966,5.93969686081,15243,16235
BN_STR_Pu,201,2,1,1,1.0,0.0,15243,15243
BN_STR_Pu,201,2,1,2,0.912026913373,4.08166625688,15243,14482
BN_STR_Pu,201,2,2,0,0.901259888661,3.83405783724,14482,16235
BN_STR_Pu,201,2,2,1,0.912026913373,3.95979790721,14482,15243
BN_STR_Pu,201,2,2,2,1.0,0.0,14482,14482
BN_STR_Pu,201,3,0,0,1.0,0.0,16086,16086
BN_STR_Pu,201,3,0,1,0.934592514865,2.96984843041,16086,15363
BN_STR_Pu,201,3,0,2,0.892366208461,3.20780293184,16086,13886
BN_STR_Pu,201,3,1,0,0.934592514865,3.56931359873,15363,16086
BN_STR_Pu,201,3,1,1,1.0,0.0,15363,15363
BN_STR_Pu,201,3,1,2,0.898355499333,4.2579336987,15363,13886
BN_STR_Pu,201,3,2,0,0.892366208461,5.14392837224,13886,16086
BN_STR_Pu,201,3,2,1,0.898355499333,5.23832025228,13886,15363
BN_STR_Pu,201,3,2,2,1.0,0.0,13886,13886
BN_STR_Pu,201,4,0,0,1.0,0.0,16229,16229
BN_STR_Pu,201,4,0,1,0.934872270358,3.13049511519,16229,15048
BN_STR_Pu,201,4,0,2,0.899102237706,5.23832025228,16229,13623
BN_STR_Pu,201,4,1,0,0.934872270358,2.52388584984,15048,16229
BN_STR_Pu,201,4,1,1,1.0,0.0,15048,15048
BN_STR_Pu,201,4,1,2,0.915768546615,7.57165754953,15048,13623
BN_STR_Pu,201,4,2,0,0.899102237706,2.52388584984,13623,16229
BN_STR_Pu,201,4,2,1,0.915768546615,3.05122920852,13623,15048
BN_STR_Pu,201,4,2,2,1.0,0.0,13623,13623
BN_STR_Pu,201,5,0,0,1.0,0.0,16416,16416
BN_STR_Pu,201,5,0,1,0.930070594194,4.31508972859,16416,15173
BN_STR_Pu,201,5,0,2,0.905566019354,4.74763090734,16416,14378
BN_STR_Pu,201,5,1,0,0.930070594194,3.28329097596,15173,16416
BN_STR_Pu,201,5,1,1,1.0,0.0,15173,15173
BN_STR_Pu,201,5,1,2,0.913606984535,5.93969686081,15173,14378
BN_STR_Pu,201,5,2,0,0.905566019354,3.13049511519,14378,16416
BN_STR_Pu,201,5,2,1,0.913606984535,3.95979790721,14378,15173
BN_STR_Pu,201,5,2,2,1.0,0.0,14378,14378
BN_STR_Pu,201,6,0,0,1.0,0.0,16725,16725
BN_STR_Pu,201,6,0,1,0.933869359262,3.4999999404,16725,15363
BN_STR_Pu,201,6,0,2,0.901001900712,4.0211937841,16725,14316
BN_STR_Pu,201,6,1,0,0.933869359262,2.52388584984,15363,16725
BN_STR_Pu,201,6,1,1,1.0,0.0,15363,15363
BN_STR_Pu,201,6,1,2,0.917753293575,5.14392837224,15363,14316
BN_STR_Pu,201,6,2,0,0.901001900712,3.4999999404,14316,16725
BN_STR_Pu,201,6,2,1,0.917753293575,3.4999999404,14316,15363
BN_STR_Pu,201,6,2,2,1.0,0.0,14316,14316
BN_STR_Pu,201,7,0,0,1.0,0.0,16171,16171
BN_STR_Pu,201,7,0,1,0.935815934687,2.52388584984,16171,14818
BN_STR_Pu,201,7,0,2,0.906182672847,3.7696153008,16171,14463
BN_STR_Pu,201,7,1,0,0.935815934687,4.0211937841,14818,16171
BN_STR_Pu,201,7,1,1,1.0,0.0,14818,14818
BN_STR_Pu,201,7,1,2,0.91492776886,4.08166625688,14818,14463
BN_STR_Pu,201,7,2,0,0.906182672847,3.4999999404,14463,16171
BN_STR_Pu,201,7,2,1,0.91492776886,4.08166625688,14463,14818
BN_STR_Pu,201,7,2,2,1.0,0.0,14463,14463
BN_STR_Ca,202,0,0,0,1.0,0.0,14117,14117
BN_STR_Ca,202,0,0,1,0.928674431503,3.20780293184,14117,12928
BN_STR_Ca,202,0,0,2,0.879993859615,5.37680193194,14117,11940
BN_STR_Ca,202,0,1,0,0.928674431503,9.39148534556,12928,14117
BN_STR_Ca,202,0,1,1,1.0,0.0,12928,12928
BN_STR_Ca,202,0,1,2,0.90051471771,8.19328979797,12928,11940
BN_STR_Ca,202,0,2,0,0.879993859615,3.20780293184,11940,14117
BN_STR_Ca,202,0,2,1,0.90051471771,3.7696153008,11940,12928
BN_STR_Ca,202,0,2,2,1.0,0.0,11940,11940
BN_STR_Ca,202,1,0,0,1.0,0.0,14620,14620
BN_STR_Ca,202,1,0,1,0.906024791006,4.48218688987,14620,13132
BN_STR_Ca,202,1,0,2,0.869532371383,6.4536810102,14620,11854
BN_STR_Ca,202,1,1,0,0.906024791006,8.16333251376,13132,14620
BN_STR_Ca,202,1,1,1,1.0,0.0,13132,13132
BN_STR_Ca,202,1,1,2,0.891219082686,6.06217772325,13132,11854
BN_STR_Ca,202,1,2,0,0.869532371383,2.88617388878,11854,14620
BN_STR_Ca,202,1,2,1,0.891219082686,4.94974738401,11854,13132
BN_STR_Ca,202,1,2,2,1.0,0.0,11854,11854
BN_STR_Ca,202,2,0,0,1.0,0.0,14788,14788
BN_STR_Ca,202,2,0,1,0.897567361187,3.20780293184,14788,12713
BN_STR_Ca,202,2,0,2,0.865628994661,3.7696153008,14788,11810
BN_STR_Ca,202,2,1,0,0.897567361187,9.41753667257,12713,14788
BN_STR_Ca,202,2,1,1,1.0,0.0,12713,12713
BN_STR_Ca,202,2,1,2,0.907474615667,7.24085617964,12713,11810
BN_STR_Ca,202,2,2,0,0.865628994661,2.52388584984,11810,14788
BN_STR_Ca,202,2,2,1,0.907474615667,2.61916012614,11810,12713
BN_STR_Ca,202,2,2,2,1.0,0.0,11810,11810
BN_STR_Ca,202,3,0,0,1.0,0.0,14914,14914
BN_STR_Ca,202,3,0,1,0.897189509429,4.0211937841,14914,12768
BN_STR_Ca,202,3,0,2,0.86142601432,5.37680193194,14914,11902
BN_STR_Ca,202,3,1,0,0.897189509429,9.39148534556,12768,14914
BN_STR_Ca,202,3,1,1,1.0,0.0,12768,12768
BN_STR_Ca,202,3,1,2,0.893392784759,7.60394621435,12768,11902
BN_STR_Ca,202,3,2,0,0.86142601432,2.4248710893,11902,14914
BN_STR_Ca,202,3,2,1,0.893392784759,3.4292855815,11902,12768
BN_STR_Ca,202,3,2,2,1.0,0.0,11902,11902
BN_STR_Ca,202,4,0,0,1.0,0.0,14479,14479
BN_STR_Ca,202,4,0,1,0.886182846371,3.56931359873,14479,12046
BN_STR_Ca,202,4,0,2,0.876266828014,2.88617388878,14479,11965
BN_STR_Ca,202,4,1,0,0.886182846371,13.6634546745,12046,14479
BN_STR_Ca,202,4,1,1,1.0,0.0,12046,12046
BN_STR_Ca,202,4,1,2,0.913581275249,6.06217772325,12046,11965
BN_STR_Ca,202,4,2,0,0.876266828014,7.60394621435,11965,14479
BN_STR_Ca,202,4,2,1,0.913581275249,3.05122920852,11965,12046
BN_STR_Ca,202,4,2,2,1.0,0.0,11965,11965
BN_STR_Ca,202,5,0,0,1.0,0.0,14619,14619
BN_STR_Ca,202,5,0,1,0.887746861464,4.99899981485,14619,12623
BN_STR_Ca,202,5,0,2,0.871741935484,6.02162758438,14619,12506
BN_STR_Ca,202,5,1,0,0.887746861464,7.20694097596,12623,14619
BN_STR_Ca,202,5,1,1,1.0,0.0,12623,12623
BN_STR_Ca,202,5,1,2,0.896414501174,6.06217772325,12623,12506
BN_STR_Ca,202,5,2,0,0.871741935484,2.61916012614,12506,14619
BN_STR_Ca,202,5,2,1,0.896414501174,3.05122920852,12506,12623
BN_STR_Ca,202,5,2,2,1.0,0.0,12506,12506
BN_STR_Ca,202,6,0,0,1.0,0.0,14730,14730
BN_STR_Ca,202,6,0,1,0.877615256434,4.94974738401,14730,12275
BN_STR_Ca,202,6,0,2,0.874823249237,5.14392837224,14730,12144
BN_STR_Ca,202,6,1,0,0.877615256434,9.41753667257,12275,14730
BN_STR_Ca,202,6,1,1,1.0,0.0,12275,12275
BN_STR_Ca,202,6,1,2,0.908227200131,9.15368762555,12275,12144
BN_STR_Ca,202,6,2,0,0.874823249237,2.88617388878,12144,14730
BN_STR_Ca,202,6,2,1,0.908227200131,2.52388584984,12144,12275
BN_STR_Ca,202,6,2,2,1.0,0.0,12144,12144
BN_STR_Ca,202,7,0,0,1.0,0.0,14347,14347
BN_STR_Ca,202,7,0,1,0.892460287866,4.08166625688,14347,12471
BN_STR_Ca,202,7,0,2,0.898462902749,5.51180541794,14347,12717
BN_STR_Ca,202,7,1,0,0.892460287866,10.6850360838,12471,14347
BN_STR_Ca,202,7,1,1,1.0,0.0,12471,12471
BN_STR_Ca,202,7,1,2,0.908766079085,8.57321395374,12471,12717
BN_STR_Ca,202,7,2,0,0.898462902749,2.52388584984,12717,14347
BN_STR_Ca,202,7,2,1,0.908766079085,2.61916012614,12717,12471
BN_STR_Ca,202,7,2,2,1.0,0.0,12717,12717
BN_STR_NAC,203,0,0,0,1.0,0.0,1172,1172
BN_STR_NAC,203,0,0,1,0.783333333333,5.09607683571,1172,988
BN_STR_NAC,203,0,0,2,0.675762439807,5.59999990463,1172,1320
BN_STR_NAC,203,0,1,0,0.783333333333,2.79999995232,988,1172
BN_STR_NAC,203,0,1,1,1.0,0.0,988,988
BN_STR_NAC,203,0,1,2,0.759098786828,1.56524755759,988,1320
BN_STR_NAC,203,0,2,0,0.675762439807,3.4999999404,1320,1172
BN_STR_NAC,203,0,2,1,0.759098786828,2.88617388878,1320,988
BN_STR_NAC,203,0,2,2,1.0,0.0,1320,1320
BN_STR_NAC,203,1,0,0,1.0,0.0,972,972
BN_STR_NAC,203,1,0,1,0.646196150321,3.56931359873,972,1210
BN_STR_NAC,203,1,0,2,0.614958448753,4.2579336987,972,1194
BN_STR_NAC,203,1,1,0,0.646196150321,3.4999999404,1210,972
BN_STR_NAC,203,1,1,1,1.0,0.0,1210,1210
BN_STR_NAC,203,1,1,2,0.848585690516,1.56524755759,1210,1194
BN_STR_NAC,203,1,2,0,0.614958448753,4.19999992847,1194,972
BN_STR_NAC,203,1,2,1,0.848585690516,1.21243554465,1194,1210
BN_STR_NAC,203,1,2,2,1.0,0.0,1194,1194
BN_STR_NAC,203,2,0,0,1.0,0.0,1062,1062
BN_STR_NAC,203,2,0,1,0.718181818182,6.02162758438,1062,918
BN_STR_NAC,203,2,0,2,0.65845873233,6.14247496657,1062,1131
BN_STR_NAC,203,2,1,0,0.718181818182,1.56524755759,918,1062
BN_STR_NAC,203,2,1,1,1.0,0.0,918,918
BN_STR_NAC,203,2,1,2,0.802342606149,1.56524755759,918,1131
BN_STR_NAC,203,2,2,0,0.65845873233,2.52388584984,1131,1062
BN_STR_NAC,203,2,2,1,0.802342606149,2.88617388878,1131,918
BN_STR_NAC,203,2,2,2,1.0,0.0,1131,1131
BN_STR_NAC,203,3,0,0,1.0,0.0,1310,1310
BN_STR_NAC,203,3,0,1,0.777636594663,4.69574267278,1310,1051
BN_STR_NAC,203,3,0,2,0.697495183044,5.09607683571,1310,1285
BN_STR_NAC,203,3,1,0,0.777636594663,1.39999997616,1051,1310
BN_STR_NAC,203,3,1,1,1.0,0.0,1051,1051
BN_STR_NAC,203,3,1,2,0.77397260274,2.61916012614,1051,1285
BN_STR_NAC,203,3,2,0,0.697495183044,2.79999995232,1285,1310
BN_STR_NAC,203,3,2,1,0.77397260274,2.32163731371,1285,1051
BN_STR_NAC,203,3,2,2,1.0,0.0,1285,1285
BN_STR_NAC,203,4,0,0,1.0,0.0,1155,1155
BN_STR_NAC,203,4,0,1,0.760214609988,4.69574267278,1155,1268
BN_STR_NAC,203,4,0,2,0.705465985057,4.42718864884,1155,1388
BN_STR_NAC,203,4,1,0,0.760214609988,2.79999995232,1268,1155
BN_STR_NAC,203,4,1,1,1.0,0.0,1268,1268
BN_STR_NAC,203,4,1,2,0.840361445783,1.39999997616,1268,1388
BN_STR_NAC,203,4,2,0,0.705465985057,2.09999996424,1388,1155
BN_STR_NAC,203,4,2,1,0.840361445783,2.09999996424,1388,1268
BN_STR_NAC,203,4,2,2,1.0,0.0,1388,1388
BN_STR_NAC,203,5,0,0,1.0,0.0,818,818
BN_STR_NAC,203,5,0,1,0.640303358613,4.31508972859,818,1028
BN_STR_NAC,203,5,0,2,0.54976744186,3.7696153008,818,1332
BN_STR_NAC,203,5,1,0,0.640303358613,3.4999999404,1028,818
BN_STR_NAC,203,5,1,1,1.0,0.0,1028,1028
BN_STR_NAC,203,5,1,2,0.768644067797,1.56524755759,1028,1332
BN_STR_NAC,203,5,2,0,0.54976744186,4.2579336987,1332,818
BN_STR_NAC,203,5,2,1,0.768644067797,2.88617388878,1332,1028
BN_STR_NAC,203,5,2,2,1.0,0.0,1332,1332
BN_STR_NAC,203,6,0,0,1.0,0.0,1036,1036
BN_STR_NAC,203,6,0,1,0.658356417359,2.09999996424,1036,1130
BN_STR_NAC,203,6,0,2,0.712074303406,1.9798989536,1036,1548
BN_STR_NAC,203,6,1,0,0.658356417359,4.08166625688,1130,1036
BN_STR_NAC,203,6,1,1,1.0,0.0,1130,1130
BN_STR_NAC,203,6,1,2,0.788648244959,1.56524755759,1130,1548
BN_STR_NAC,203,6,2,0,0.712074303406,4.42718864884,1548,1036
BN_STR_NAC,203,6,2,1,0.788648244959,3.4999999404,1548,1130
BN_STR_NAC,203,6,2,2,1.0,0.0,1548,1548
BN_STR_NAC,203,7,0,0,1.0,0.0,878,878
BN_STR_NAC,203,7,0,1,0.668618838458,3.05122920852,878,1171
BN_STR_NAC,203,7,0,2,0.659388646288,2.61916012614,878,1412
BN_STR_NAC,203,7,1,0,0.668618838458,3.4999999404,1171,878
BN_STR_NAC,203,7,1,1,1.0,0.0,1171,1171
BN_STR_NAC,203,7,1,2,0.830816879597,1.56524755759,1171,1412
BN_STR_NAC,203,7,2,0,0.659388646288,4.2579336987,1412,878
BN_STR_NAC,203,7,2,1,0.830816879597,2.21359432442,1412,1171
BN_STR_NAC,203,7,2,2,1.0,0.0,1412,1412
EXA,206,0,0,0,1.0,0.0,389,389
EXA,206,0,0,1,0.651265126513,1.56524755759,389,520
EXA,206,0,0,2,0.680952380952,1.56524755759,389,451
EXA,206,0,1,0,0.651265126513,3.28329097596,520,389
EXA,206,0,1,1,1.0,0.0,520,520
EXA,206,0,1,2,0.669412976313,2.88617388878,520,451
EXA,206,0,2,0,0.680952380952,2.32163731371,451,389
EXA,206,0,2,1,0.669412976313,1.21243554465,451,520
EXA,206,0,2,2,1.0,0.0,451,451
EXA,206,1,0,0,1.0,0.0,333,333
EXA,206,1,0,1,0.6220657277,0.989949476802,333,519
EXA,206,1,0,2,0.673883626522,1.56524755759,333,406
EXA,206,1,1,0,0.6220657277,2.21359432442,519,333
EXA,206,1,1,1,1.0,0.0,519,519
EXA,206,1,1,2,0.657297297297,2.21359432442,519,406
EXA,206,1,2,0,0.673883626522,2.79999995232,406,333
EXA,206,1,2,1,0.657297297297,1.71464279075,406,519
EXA,206,1,2,2,1.0,0.0,406,406
EXA,206,2,0,0,1.0,0.0,276,276
EXA,206,2,0,1,0.596291012839,2.21359432442,276,425
EXA,206,2,0,2,0.517184942717,3.56931359873,276,335
EXA,206,2,1,0,0.596291012839,5.37680193194,425,276
EXA,206,2,1,1,1.0,0.0,425,425
EXA,206,2,1,2,0.565789473684,4.2579336987,425,335
EXA,206,2,2,0,0.517184942717,6.02162758438,335,276
EXA,206,2,2,1,0.565789473684,1.9798989536,335,425
EXA,206,2,2,2,1.0,0.0,335,335
EXA,206,3,0,0,1.0,0.0,352,352
EXA,206,3,0,1,0.703412073491,2.09999996424,352,410
EXA,206,3,0,2,0.68345323741,1.56524755759,352,482
EXA,206,3,1,0,0.703412073491,6.4915328363,410,352
EXA,206,3,1,1,1.0,0.0,410,410
EXA,206,3,1,2,0.686098654709,1.56524755759,410,482
EXA,206,3,2,0,0.68345323741,5.77234777756,482,352
EXA,206,3,2,1,0.686098654709,2.32163731371,482,410
EXA,206,3,2,2,1.0,0.0,482,482
EXA,206,4,0,0,1.0,0.0,229,229
EXA,206,4,0,1,0.590909090909,2.21359432442,229,431
EXA,206,4,0,2,0.539792387543,2.09999996424,229,349
EXA,206,4,1,0,0.590909090909,7.06965333646,431,229
EXA,206,4,1,1,1.0,0.0,431,431
EXA,206,4,1,2,0.635897435897,2.61916012614,431,349
EXA,206,4,2,0,0.539792387543,6.4536810102,349,229
EXA,206,4,2,1,0.635897435897,2.61916012614,349,431
EXA,206,4,2,2,1.0,0.0,349,349
EXA,206,5,0,0,1.0,0.0,305,305
EXA,206,5,0,1,0.628140703518,3.83405783724,305,491
EXA,206,5,0,2,0.554149085795,3.4999999404,305,406
EXA,206,5,1,0,0.628140703518,4.99899981485,491,305
EXA,206,5,1,1,1.0,0.0,491,491
EXA,206,5,1,2,0.639910813824,2.96984843041,491,406
EXA,206,5,2,0,0.554149085795,4.69574267278,406,305
EXA,206,5,2,1,0.639910813824,2.61916012614,406,491
EXA,206,5,2,2,1.0,0.0,406,406
EXA,206,6,0,0,1.0,0.0,315,315
EXA,206,6,0,1,0.645728643216,0.989949476802,315,481
EXA,206,6,0,2,0.629349470499,2.88617388878,315,346
EXA,206,6,1,0,0.645728643216,6.60378667998,481,315
EXA,206,6,1,1,1.0,0.0,481,481
EXA,206,6,1,2,0.63361547763,4.0211937841,481,346
EXA,206,6,2,0,0.629349470499,3.20780293184,346,315
EXA,206,6,2,1,0.63361547763,1.56524755759,346,481
EXA,206,6,2,2,1.0,0.0,346,346
EXA,206,7,0,0,1.0,0.0,275,275
EXA,206,7,0,1,0.579150579151,0.989949476802,275,502
EXA,206,7,0,2,0.583050847458,1.9798989536,275,315
EXA,206,7,1,0,0.579150579151,6.33876948875,502,275
EXA,206,7,1,1,1.0,0.0,502,502
EXA,206,7,1,2,0.599755201958,3.13049511519,502,315
EXA,206,7,2,0,0.583050847458,5.6435803277,315,275
EXA,206,7,2,1,0.599755201958,0.989949476802,315,502
EXA,206,7,2,2,1.0,0.0,315,315
BN_GP_GPe,207,0,0,0,1.0,0.0,2275,2275
BN_GP_GPe,207,0,0,1,0.889312068555,1.56524755759,2275,1926
BN_GP_GPe,207,0,0,2,0.754376657825,3.05122920852,2275,1495
BN_GP_GPe,207,0,1,0,0.889312068555,0.989949476802,1926,2275
BN_GP_GPe,207,0,1,1,1.0,0.0,1926,1926
BN_GP_GPe,207,0,1,2,0.814381759719,2.32163731371,1926,1495
BN_GP_GPe,207,0,2,0,0.754376657825,1.39999997616,1495,2275
BN_GP_GPe,207,0,2,1,0.814381759719,0.989949476802,1495,1926
BN_GP_GPe,207,0,2,2,1.0,0.0,1495,1495
BN_GP_GPe,207,1,0,0,1.0,0.0,2278,2278
BN_GP_GPe,207,1,0,1,0.883147113594,1.71464279075,2278,2018
BN_GP_GPe,207,1,0,2,0.806251436451,2.09999996424,2278,2073
BN_GP_GPe,207,1,1,0,0.883147113594,2.21359432442,2018,2278
BN_GP_GPe,207,1,1,1,1.0,0.0,2018,2018
BN_GP_GPe,207,1,1,2,0.828159374236,3.05122920852,2018,2073
BN_GP_GPe,207,1,2,0,0.806251436451,1.56524755759,2073,2278
BN_GP_GPe,207,1,2,1,0.828159374236,1.56524755759,2073,2018
BN_GP_GPe,207,1,2,2,1.0,0.0,2073,2073
BN_GP_GPe,207,2,0,0,1.0,0.0,2223,2223
BN_GP_GPe,207,2,0,1,0.847570332481,1.56524755759,2223,1687
BN_GP_GPe,207,2,0,2,0.813442055844,2.61916012614,2223,1824
BN_GP_GPe,207,2,1,0,0.847570332481,1.21243554465,1687,2223
BN_GP_GPe,207,2,1,1,1.0,0.0,1687,1687
BN_GP_GPe,207,2,1,2,0.824836228995,2.09999996424,1687,1824
BN_GP_GPe,207,2,2,0,0.813442055844,1.39999997616,1824,2223
BN_GP_GPe,207,2,2,1,0.824836228995,1.71464279075,1824,1687
BN_GP_GPe,207,2,2,2,1.0,0.0,1824,1824
BN_GP_GPe,207,3,0,0,1.0,0.0,2236,2236
BN_GP_GPe,207,3,0,1,0.894838398456,1.71464279075,2236,1910
BN_GP_GPe,207,3,0,2,0.819758507135,2.09999996424,2236,2319
BN_GP_GPe,207,3,1,0,0.894838398456,1.39999997616,1910,2236
BN_GP_GPe,207,3,1,1,1.0,0.0,1910,1910
BN_GP_GPe,207,3,1,2,0.792622369354,1.9798989536,1910,2319
BN_GP_GPe,207,3,2,0,0.819758507135,1.56524755759,2319,2236
BN_GP_GPe,207,3,2,1,0.792622369354,2.32163731371,2319,1910
BN_GP_GPe,207,3,2,2,1.0,0.0,2319,2319
BN_GP_GPe,207,4,0,0,1.0,0.0,2367,2367
BN_GP_GPe,207,4,0,1,0.849177984274,1.56524755759,2367,1830
BN_GP_GPe,207,4,0,2,0.830846913014,2.32163731371,2367,1990
BN_GP_GPe,207,4,1,0,0.849177984274,1.39999997616,1830,2367
BN_GP_GPe,207,4,1,1,1.0,0.0,1830,1830
BN_GP_GPe,207,4,1,2,0.81832460733,1.56524755759,1830,1990
BN_GP_GPe,207,4,2,0,0.830846913014,0.989949476802,1990,2367
BN_GP_GPe,207,4,2,1,0.81832460733,1.21243554465,1990,1830
BN_GP_GPe,207,4,2,2,1.0,0.0,1990,1990
BN_GP_GPe,207,5,0,0,1.0,0.0,2183,2183
BN_GP_GPe,207,5,0,1,0.844991032539,1.56524755759,2183,1720
BN_GP_GPe,207,5,0,2,0.791489361702,2.96984843041,2183,2047
BN_GP_GPe,207,5,1,0,0.844991032539,2.09999996424,1720,2183
BN_GP_GPe,207,5,1,1,1.0,0.0,1720,1720
BN_GP_GPe,207,5,1,2,0.748606318025,2.96984843041,1720,2047
BN_GP_GPe,207,5,2,0,0.791489361702,1.56524755759,2047,2183
BN_GP_GPe,207,5,2,1,0.748606318025,1.56524755759,2047,1720
BN_GP_GPe,207,5,2,2,1.0,0.0,2047,2047
BN_GP_GPe,207,6,0,0,1.0,0.0,2231,2231
BN_GP_GPe,207,6,0,1,0.857142857143,2.09999996424,2231,1724
BN_GP_GPe,207,6,0,2,0.785037878788,4.19999992847,2231,1993
BN_GP_GPe,207,6,1,0,0.857142857143,1.21243554465,1724,2231
BN_GP_GPe,207,6,1,1,1.0,0.0,1724,1724
BN_GP_GPe,207,6,1,2,0.77750874361,2.79999995232,1724,1993
BN_GP_GPe,207,6,2,0,0.785037878788,1.21243554465,1993,2231
BN_GP_GPe,207,6,2,1,0.77750874361,1.56524755759,1993,1724
BN_GP_GPe,207,6,2,2,1.0,0.0,1993,1993
BN_GP_GPe,207,7,0,0,1.0,0.0,2110,2110
BN_GP_GPe,207,7,0,1,0.891064257028,1.39999997616,2110,1874
BN_GP_GPe,207,7,0,2,0.770436730123,1.9798989536,2110,2355
BN_GP_GPe,207,7,1,0,0.891064257028,1.56524755759,1874,2110
BN_GP_GPe,207,7,1,1,1.0,0.0,1874,1874
BN_GP_GPe,207,7,1,2,0.75668006621,1.71464279075,1874,2355
BN_GP_GPe,207,7,2,0,0.770436730123,2.21359432442,2355,2110
BN_GP_GPe,207,7,2,1,0.75668006621,2.09999996424,2355,1874
BN_GP_GPe,207,7,2,2,1.0,0.0,2355,2355
BN_GP_GPi,208,0,0,0,1.0,0.0,1173,1173
BN_GP_GPi,208,0,0,1,0.885828520657,1.39999997616,1173,1078
BN_GP_GPi,208,0,0,2,0.841777777778,2.52388584984,1173,1077
BN_GP_GPi,208,0,1,0,0.885828520657,1.56524755759,1078,1173
BN_GP_GPi,208,0,1,1,1.0,0.0,1078,1078
BN_GP_GPi,208,0,1,2,0.850116009281,1.71464279075,1078,1077
BN_GP_GPi,208,0,2,0,0.841777777778,0.989949476802,1077,1173
BN_GP_GPi,208,0,2,1,0.850116009281,0.989949476802,1077,1078
BN_GP_GPi,208,0,2,2,1.0,0.0,1077,1077
BN_GP_GPi,208,1,0,0,1.0,0.0,1148,1148
BN_GP_GPi,208,1,0,1,0.892390814948,0.989949476802,1148,1073
BN_GP_GPi,208,1,0,2,0.798772468216,2.52388584984,1148,1133
BN_GP_GPi,208,1,1,0,0.892390814948,0.989949476802,1073,1148
BN_GP_GPi,208,1,1,1,1.0,0.0,1073,1073
BN_GP_GPi,208,1,1,2,0.785131459655,1.9798989536,1073,1133
BN_GP_GPi,208,1,2,0,0.798772468216,1.56524755759,1133,1148
BN_GP_GPi,208,1,2,1,0.785131459655,1.9798989536,1133,1073
BN_GP_GPi,208,1,2,2,1.0,0.0,1133,1133
BN_GP_GPi,208,2,0,0,1.0,0.0,1112,1112
BN_GP_GPi,208,2,0,1,0.879213483146,1.56524755759,1112,1024
BN_GP_GPi,208,2,0,2,0.829359513791,0.989949476802,1112,1027
BN_GP_GPi,208,2,1,0,0.879213483146,2.09999996424,1024,1112
BN_GP_GPi,208,2,1,1,1.0,0.0,1024,1024
BN_GP_GPi,208,2,1,2,0.8746952706,0.989949476802,1024,1027
BN_GP_GPi,208,2,2,0,0.829359513791,1.39999997616,1027,1112
BN_GP_GPi,208,2,2,1,0.8746952706,0.989949476802,1027,1024
BN_GP_GPi,208,2,2,2,1.0,0.0,1027,1027
BN_GP_GPi,208,3,0,0,1.0,0.0,1120,1120
BN_GP_GPi,208,3,0,1,0.880692167577,1.56524755759,1120,1076
BN_GP_GPi,208,3,0,2,0.829721362229,1.56524755759,1120,1141
BN_GP_GPi,208,3,1,0,0.880692167577,2.32163731371,1076,1120
BN_GP_GPi,208,3,1,1,1.0,0.0,1076,1076
BN_GP_GPi,208,3,1,2,0.834460983311,2.4248710893,1076,1141
BN_GP_GPi,208,3,2,0,0.829721362229,1.21243554465,1141,1120
BN_GP_GPi,208,3,2,1,0.834460983311,1.56524755759,1141,1076
BN_GP_GPi,208,3,2,2,1.0,0.0,1141,1141
BN_GP_GPi,208,4,0,0,1.0,0.0,1134,1134
BN_GP_GPi,208,4,0,1,0.859093125305,1.71464279075,1134,917
BN_GP_GPi,208,4,0,2,0.839166666667,2.09999996424,1134,1266
BN_GP_GPi,208,4,1,0,0.859093125305,2.09999996424,917,1134
BN_GP_GPi,208,4,1,1,1.0,0.0,917,917
BN_GP_GPi,208,4,1,2,0.765002290426,1.71464279075,917,1266
BN_GP_GPi,208,4,2,0,0.839166666667,1.56524755759,1266,1134
BN_GP_GPi,208,4,2,1,0.765002290426,1.71464279075,1266,917
BN_GP_GPi,208,4,2,2,1.0,0.0,1266,1266
BN_GP_GPi,208,5,0,0,1.0,0.0,1107,1107
BN_GP_GPi,208,5,0,1,0.87773989284,1.71464279075,1107,946
BN_GP_GPi,208,5,0,2,0.833939393939,2.52388584984,1107,1368
BN_GP_GPi,208,5,1,0,0.87773989284,0.989949476802,946,1107
BN_GP_GPi,208,5,1,1,1.0,0.0,946,946
BN_GP_GPi,208,5,1,2,0.788245462403,1.21243554465,946,1368
BN_GP_GPi,208,5,2,0,0.833939393939,1.56524755759,1368,1107
BN_GP_GPi,208,5,2,1,0.788245462403,2.52388584984,1368,946
BN_GP_GPi,208,5,2,2,1.0,0.0,1368,1368
BN_GP_GPi,208,6,0,0,1.0,0.0,1252,1252
BN_GP_GPi,208,6,0,1,0.867176947321,1.9798989536,1252,969
BN_GP_GPi,208,6,0,2,0.838681318681,3.05122920852,1252,1023
BN_GP_GPi,208,6,1,0,0.867176947321,0.989949476802,969,1252
BN_GP_GPi,208,6,1,1,1.0,0.0,969,969
BN_GP_GPi,208,6,1,2,0.857429718876,1.71464279075,969,1023
BN_GP_GPi,208,6,2,0,0.838681318681,0.989949476802,1023,1252
BN_GP_GPi,208,6,2,1,0.857429718876,0.989949476802,1023,969
BN_GP_GPi,208,6,2,2,1.0,0.0,1023,1023
BN_GP_GPi,208,7,0,0,1.0,0.0,1204,1204
BN_GP_GPi,208,7,0,1,0.830420406235,2.61916012614,1204,913
BN_GP_GPi,208,7,0,2,0.833765272121,1.56524755759,1204,1497
BN_GP_GPi,208,7,1,0,0.830420406235,0.989949476802,913,1204
BN_GP_GPi,208,7,1,1,1.0,0.0,913,913
BN_GP_GPi,208,7,1,2,0.73112033195,1.71464279075,913,1497
BN_GP_GPi,208,7,2,0,0.833765272121,1.56524755759,1497,1204
BN_GP_GPi,208,7,2,1,0.73112033195,2.4248710893,1497,913
BN_GP_GPi,208,7,2,2,1.0,0.0,1497,1497
MTg_SN_SNc,209,0,0,0,1.0,0.0,308,308
MTg_SN_SNc,209,0,0,1,0.629766297663,0.989949476802,308,505
MTg_SN_SNc,209,0,0,2,0.691029900332,1.56524755759,308,294
MTg_SN_SNc,209,0,1,0,0.629766297663,4.89999991655,505,308
MTg_SN_SNc,209,0,1,1,1.0,0.0,505,505
MTg_SN_SNc,209,0,1,2,0.630788485607,2.96984843041,505,294
MTg_SN_SNc,209,0,2,0,0.691029900332,2.88617388878,294,308
MTg_SN_SNc,209,0,2,1,0.630788485607,2.4248710893,294,505
MTg_SN_SNc,209,0,2,2,1.0,0.0,294,294
MTg_SN_SNc,209,1,0,0,1.0,0.0,411,411
MTg_SN_SNc,209,1,0,1,0.695259593679,1.39999997616,411,475
MTg_SN_SNc,209,1,0,2,0.612345679012,2.52388584984,411,399
MTg_SN_SNc,209,1,1,0,0.695259593679,4.2579336987,475,411
MTg_SN_SNc,209,1,1,1,1.0,0.0,475,475
MTg_SN_SNc,209,1,1,2,0.684210526316,2.96984843041,475,399
MTg_SN_SNc,209,1,2,0,0.612345679012,2.32163731371,399,411
MTg_SN_SNc,209,1,2,1,0.684210526316,0.989949476802,399,475
MTg_SN_SNc,209,1,2,2,1.0,0.0,399,399
MTg_SN_SNc,209,2,0,0,1.0,0.0,290,290
MTg_SN_SNc,209,2,0,1,0.611267605634,0.989949476802,290,420
MTg_SN_SNc,209,2,0,2,0.600292825769,1.56524755759,290,393
MTg_SN_SNc,209,2,1,0,0.611267605634,4.2579336987,420,290
MTg_SN_SNc,209,2,1,1,1.0,0.0,420,420
MTg_SN_SNc,209,2,1,2,0.693726937269,1.9798989536,420,393
MTg_SN_SNc,209,2,2,0,0.600292825769,2.88617388878,393,290
MTg_SN_SNc,209,2,2,1,0.693726937269,2.79999995232,393,420
MTg_SN_SNc,209,2,2,2,1.0,0.0,393,393
MTg_SN_SNc,209,3,0,0,1.0,0.0,472,472
MTg_SN_SNc,209,3,0,1,0.670353982301,3.13049511519,472,432
MTg_SN_SNc,209,3,0,2,0.665816326531,2.09999996424,472,312
MTg_SN_SNc,209,3,1,0,0.670353982301,2.88617388878,432,472
MTg_SN_SNc,209,3,1,1,1.0,0.0,432,432
MTg_SN_SNc,209,3,1,2,0.674731182796,2.79999995232,432,312
MTg_SN_SNc,209,3,2,0,0.665816326531,2.21359432442,312,472
MTg_SN_SNc,209,3,2,1,0.674731182796,3.13049511519,312,432
MTg_SN_SNc,209,3,2,2,1.0,0.0,312,312
MTg_SN_SNc,209,4,0,0,1.0,0.0,419,419
MTg_SN_SNc,209,4,0,1,0.715071507151,1.39999997616,419,490
MTg_SN_SNc,209,4,0,2,0.612994350282,2.21359432442,419,289
MTg_SN_SNc,209,4,1,0,0.715071507151,2.79999995232,490,419
MTg_SN_SNc,209,4,1,1,1.0,0.0,490,490
MTg_SN_SNc,209,4,1,2,0.626444159178,2.09999996424,490,289
MTg_SN_SNc,209,4,2,0,0.612994350282,2.09999996424,289,419
MTg_SN_SNc,209,4,2,1,0.626444159178,1.71464279075,289,490
MTg_SN_SNc,209,4,2,2,1.0,0.0,289,289
MTg_SN_SNc,209,5,0,0,1.0,0.0,332,332
MTg_SN_SNc,209,5,0,1,0.614765100671,2.09999996424,332,413
MTg_SN_SNc,209,5,0,2,0.62426035503,2.21359432442,332,344
MTg_SN_SNc,209,5,1,0,0.614765100671,3.13049511519,413,332
MTg_SN_SNc,209,5,1,1,1.0,0.0,413,413
MTg_SN_SNc,209,5,1,2,0.594451783355,2.61916012614,413,344
MTg_SN_SNc,209,5,2,0,0.62426035503,2.88617388878,344,332
MTg_SN_SNc,209,5,2,1,0.594451783355,2.61916012614,344,413
MTg_SN_SNc,209,5,2,2,1.0,0.0,344,344
MTg_SN_SNc,209,6,0,0,1.0,0.0,350,350
MTg_SN_SNc,209,6,0,1,0.740837696335,1.21243554465,350,414
MTg_SN_SNc,209,6,0,2,0.707100591716,1.56524755759,350,326
MTg_SN_SNc,209,6,1,0,0.740837696335,4.2579336987,414,350
MTg_SN_SNc,209,6,1,1,1.0,0.0,414,414
MTg_SN_SNc,209,6,1,2,0.716216216216,2.21359432442,414,326
MTg_SN_SNc,209,6,2,0,0.707100591716,2.88617388878,326,350
MTg_SN_SNc,209,6,2,1,0.716216216216,1.56524755759,326,414
MTg_SN_SNc,209,6,2,2,1.0,0.0,326,326
MTg_SN_SNc,209,7,0,0,1.0,0.0,407,407
MTg_SN_SNc,209,7,0,1,0.738699007718,0.989949476802,407,500
MTg_SN_SNc,209,7,0,2,0.641791044776,2.61916012614,407,263
MTg_SN_SNc,209,7,1,0,0.738699007718,3.56931359873,500,407
MTg_SN_SNc,209,7,1,1,1.0,0.0,500,500
MTg_SN_SNc,209,7,1,2,0.579292267366,2.61916012614,500,263
MTg_SN_SNc,209,7,2,0,0.641791044776,2.21359432442,263,407
MTg_SN_SNc,209,7,2,1,0.579292267366,1.39999997616,263,500
MTg_SN_SNc,209,7,2,2,1.0,0.0,263,263
MTg_RN,210,0,0,0,1.0,0.0,999,999
MTg_RN,210,0,0,1,0.905149051491,1.21243554465,999,846
MTg_RN,210,0,0,2,0.780964002441,1.71464279075,999,640
MTg_RN,210,0,1,0,0.905149051491,0.989949476802,846,999
MTg_RN,210,0,1,1,1.0,0.0,846,846
MTg_RN,210,0,1,2,0.85868102288,0.989949476802,846,640
MTg_RN,210,0,2,0,0.780964002441,1.21243554465,640,999
MTg_RN,210,0,2,1,0.85868102288,0.989949476802,640,846
MTg_RN,210,0,2,2,1.0,0.0,640,640
MTg_RN,210,1,0,0,1.0,0.0,997,997
MTg_RN,210,1,0,1,0.916799152093,0.699999988079,997,890
MTg_RN,210,1,0,2,0.793993993994,1.56524755759,997,668
MTg_RN,210,1,1,0,0.916799152093,0.699999988079,890,997
MTg_RN,210,1,1,1,1.0,0.0,890,890
MTg_RN,210,1,1,2,0.85109114249,0.989949476802,890,668
MTg_RN,210,1,2,0,0.793993993994,0.989949476802,668,997
MTg_RN,210,1,2,1,0.85109114249,0.989949476802,668,890
MTg_RN,210,1,2,2,1.0,0.0,668,668
MTg_RN,210,2,0,0,1.0,0.0,994,994
MTg_RN,210,2,0,1,0.899731903485,1.21243554465,994,871
MTg_RN,210,2,0,2,0.902985074627,0.989949476802,994,882
MTg_RN,210,2,1,0,0.899731903485,1.21243554465,871,994
MTg_RN,210,2,1,1,1.0,0.0,871,871
MTg_RN,210,2,1,2,0.907016543069,0.989949476802,871,882
MTg_RN,210,2,2,0,0.902985074627,1.21243554465,882,994
MTg_RN,210,2,2,1,0.907016543069,1.21243554465,882,871
MTg_RN,210,2,2,2,1.0,0.0,882,882
MTg_RN,210,3,0,0,1.0,0.0,1013,1013
MTg_RN,210,3,0,1,0.901483050847,1.21243554465,1013,875
MTg_RN,210,3,0,2,0.849746764209,1.56524755759,1013,764
MTg_RN,210,3,1,0,0.901483050847,0.989949476802,875,1013
MTg_RN,210,3,1,1,1.0,0.0,875,875
MTg_RN,210,3,1,2,0.883465527761,1.56524755759,875,764
MTg_RN,210,3,2,0,0.849746764209,0.989949476802,764,1013
MTg_RN,210,3,2,1,0.883465527761,0.989949476802,764,875
MTg_RN,210,3,2,2,1.0,0.0,764,764
MTg_RN,210,4,0,0,1.0,0.0,1013,1013
MTg_RN,210,4,0,1,0.932168550874,0.989949476802,1013,933
MTg_RN,210,4,0,2,0.890899414582,0.989949476802,1013,866
MTg_RN,210,4,1,0,0.932168550874,0.989949476802,933,1013
MTg_RN,210,4,1,1,1.0,0.0,933,933
MTg_RN,210,4,1,2,0.888271261812,1.39999997616,933,866
MTg_RN,210,4,2,0,0.890899414582,0.989949476802,866,1013
MTg_RN,210,4,2,1,0.888271261812,0.989949476802,866,933
MTg_RN,210,4,2,2,1.0,0.0,866,866
MTg_RN,210,5,0,0,1.0,0.0,986,986
MTg_RN,210,5,0,1,0.926041666667,0.989949476802,986,934
MTg_RN,210,5,0,2,0.843069873998,1.39999997616,986,760
MTg_RN,210,5,1,0,0.926041666667,0.989949476802,934,986
MTg_RN,210,5,1,1,1.0,0.0,934,934
MTg_RN,210,5,1,2,0.847697756789,2.09999996424,934,760
MTg_RN,210,5,2,0,0.843069873998,1.39999997616,760,986
MTg_RN,210,5,2,1,0.847697756789,1.39999997616,760,934
MTg_RN,210,5,2,2,1.0,0.0,760,760
MTg_RN,210,6,0,0,1.0,0.0,1011,1011
MTg_RN,210,6,0,1,0.894450489663,1.39999997616,1011,827
MTg_RN,210,6,0,2,0.845325779037,1.56524755759,1011,754
MTg_RN,210,6,1,0,0.894450489663,0.989949476802,827,1011
MTg_RN,210,6,1,1,1.0,0.0,827,827
MTg_RN,210,6,1,2,0.885515496521,1.39999997616,827,754
MTg_RN,210,6,2,0,0.845325779037,1.56524755759,754,1011
MTg_RN,210,6,2,1,0.885515496521,1.39999997616,754,827
MTg_RN,210,6,2,2,1.0,0.0,754,754
MTg_RN,210,7,0,0,1.0,0.0,973,973
MTg_RN,210,7,0,1,0.900840336134,1.21243554465,973,812
MTg_RN,210,7,0,2,0.85764294049,1.39999997616,973,741
MTg_RN,210,7,1,0,0.900840336134,0.989949476802,812,973
MTg_RN,210,7,1,1,1.0,0.0,812,812
MTg_RN,210,7,1,2,0.887314874437,0.989949476802,812,741
MTg_RN,210,7,2,0,0.85764294049,1.39999997616,741,973
MTg_RN,210,7,2,1,0.887314874437,0.989949476802,741,812
MTg_RN,210,7,2,2,1.0,0.0,741,741
MTg_SN_SNr,211,0,0,0,1.0,0.0,525,525
MTg_SN_SNr,211,0,0,1,0.692307692308,1.56524755759,525,775
MTg_SN_SNr,211,0,0,2,0.611150317572,2.32163731371,525,892
MTg_SN_SNr,211,0,1,0,0.692307692308,4.42718864884,775,525
MTg_SN_SNr,211,0,1,1,1.0,0.0,775,775
MTg_SN_SNr,211,0,1,2,0.651469706059,3.20780293184,775,892
MTg_SN_SNr,211,0,2,0,0.611150317572,3.13049511519,892,525
MTg_SN_SNr,211,0,2,1,0.651469706059,2.88617388878,892,775
MTg_SN_SNr,211,0,2,2,1.0,0.0,892,892
MTg_SN_SNr,211,1,0,0,1.0,0.0,706,706
MTg_SN_SNr,211,1,0,1,0.765753424658,1.9798989536,706,754
MTg_SN_SNr,211,1,0,2,0.658461538462,2.88617388878,706,919
MTg_SN_SNr,211,1,1,0,0.765753424658,3.56931359873,754,706
MTg_SN_SNr,211,1,1,1,1.0,0.0,754,754
MTg_SN_SNr,211,1,1,2,0.644351464435,3.56931359873,754,919
MTg_SN_SNr,211,1,2,0,0.658461538462,2.32163731371,919,706
MTg_SN_SNr,211,1,2,1,0.644351464435,2.32163731371,919,754
MTg_SN_SNr,211,1,2,2,1.0,0.0,919,919
MTg_SN_SNr,211,2,0,0,1.0,0.0,612,612
MTg_SN_SNr,211,2,0,1,0.745454545455,3.20780293184,612,598
MTg_SN_SNr,211,2,0,2,0.691468890314,1.21243554465,612,947
MTg_SN_SNr,211,2,1,0,0.745454545455,1.71464279075,598,612
MTg_SN_SNr,211,2,1,1,1.0,0.0,598,598
MTg_SN_SNr,211,2,1,2,0.66925566343,1.56524755759,598,947
MTg_SN_SNr,211,2,2,0,0.691468890314,2.96984843041,947,612
MTg_SN_SNr,211,2,2,1,0.66925566343,5.37680193194,947,598
MTg_SN_SNr,211,2,2,2,1.0,0.0,947,947
MTg_SN_SNr,211,3,0,0,1.0,0.0,629,629
MTg_SN_SNr,211,3,0,1,0.727403156385,2.09999996424,629,765
MTg_SN_SNr,211,3,0,2,0.649208282582,2.21359432442,629,1013
MTg_SN_SNr,211,3,1,0,0.727403156385,1.71464279075,765,629
MTg_SN_SNr,211,3,1,1,1.0,0.0,765,765
MTg_SN_SNr,211,3,1,2,0.681664791901,1.9798989536,765,1013
MTg_SN_SNr,211,3,2,0,0.649208282582,3.4292855815,1013,629
MTg_SN_SNr,211,3,2,1,0.681664791901,3.20780293184,1013,765
MTg_SN_SNr,211,3,2,2,1.0,0.0,1013,1013
MTg_SN_SNr,211,4,0,0,1.0,0.0,576,576
MTg_SN_SNr,211,4,0,1,0.743197278912,2.32163731371,576,600
MTg_SN_SNr,211,4,0,2,0.639269406393,1.56524755759,576,957
MTg_SN_SNr,211,4,1,0,0.743197278912,2.09999996424,600,576
MTg_SN_SNr,211,4,1,1,1.0,0.0,600,600
MTg_SN_SNr,211,4,1,2,0.656390494541,1.56524755759,600,957
MTg_SN_SNr,211,4,2,0,0.639269406393,2.61916012614,957,576
MTg_SN_SNr,211,4,2,1,0.656390494541,3.13049511519,957,600
MTg_SN_SNr,211,4,2,2,1.0,0.0,957,957
MTg_SN_SNr,211,5,0,0,1.0,0.0,571,571
MTg_SN_SNr,211,5,0,1,0.749801429706,1.71464279075,571,688
MTg_SN_SNr,211,5,0,2,0.563417890521,1.9798989536,571,927
MTg_SN_SNr,211,5,1,0,0.749801429706,2.79999995232,688,571
MTg_SN_SNr,211,5,1,1,1.0,0.0,688,688
MTg_SN_SNr,211,5,1,2,0.604334365325,2.61916012614,688,927
MTg_SN_SNr,211,5,2,0,0.563417890521,3.7696153008,927,571
MTg_SN_SNr,211,5,2,1,0.604334365325,2.88617388878,927,688
MTg_SN_SNr,211,5,2,2,1.0,0.0,927,927
MTg_SN_SNr,211,6,0,0,1.0,0.0,718,718
MTg_SN_SNr,211,6,0,1,0.74358974359,3.20780293184,718,608
MTg_SN_SNr,211,6,0,2,0.701268742791,1.71464279075,718,1016
MTg_SN_SNr,211,6,1,0,0.74358974359,2.21359432442,608,718
MTg_SN_SNr,211,6,1,1,1.0,0.0,608,608
MTg_SN_SNr,211,6,1,2,0.651477832512,2.61916012614,608,1016
MTg_SN_SNr,211,6,2,0,0.701268742791,2.09999996424,1016,718
MTg_SN_SNr,211,6,2,1,0.651477832512,3.7696153008,1016,608
MTg_SN_SNr,211,6,2,2,1.0,0.0,1016,1016
MTg_SN_SNr,211,7,0,0,1.0,0.0,794,794
MTg_SN_SNr,211,7,0,1,0.794556059624,2.88617388878,794,749
MTg_SN_SNr,211,7,0,2,0.718535469108,2.32163731371,794,954
MTg_SN_SNr,211,7,1,0,0.794556059624,1.56524755759,749,794
MTg_SN_SNr,211,7,1,1,1.0,0.0,749,749
MTg_SN_SNr,211,7,1,2,0.681150910159,2.09999996424,749,954
MTg_SN_SNr,211,7,2,0,0.718535469108,2.61916012614,954,794
MTg_SN_SNr,211,7,2,1,0.681150910159,2.61916012614,954,749
MTg_SN_SNr,211,7,2,2,1.0,0.0,954,954
MTg_VTR_PBP,212,0,0,0,1.0,0.0,82,82
MTg_VTR_PBP,212,0,0,1,0.343220338983,0.699999988079,82,390
MTg_VTR_PBP,212,0,0,2,0.362282878412,1.56524755759,82,321
MTg_VTR_PBP,212,0,1,0,0.343220338983,6.02162758438,390,82
MTg_VTR_PBP,212,0,1,1,1.0,0.0,390,390
MTg_VTR_PBP,212,0,1,2,0.537271448664,3.4292855815,390,321
MTg_VTR_PBP,212,0,2,0,0.362282878412,4.69574267278,321,82
MTg_VTR_PBP,212,0,2,1,0.537271448664,2.88617388878,321,390
MTg_VTR_PBP,212,0,2,2,1.0,0.0,321,321
MTg_VTR_PBP,212,1,0,0,1.0,0.0,135,135
MTg_VTR_PBP,212,1,0,1,0.306483300589,2.09999996424,135,374
MTg_VTR_PBP,212,1,0,2,0.41113490364,2.09999996424,135,332
MTg_VTR_PBP,212,1,1,0,0.306483300589,8.10308569396,374,135
MTg_VTR_PBP,212,1,1,1,1.0,0.0,374,374
MTg_VTR_PBP,212,1,1,2,0.524079320113,4.94974738401,374,332
MTg_VTR_PBP,212,1,2,0,0.41113490364,4.31508972859,332,135
MTg_VTR_PBP,212,1,2,1,0.524079320113,4.14125577764,332,374
MTg_VTR_PBP,212,1,2,2,1.0,0.0,332,332
MTg_VTR_PBP,212,2,0,0,1.0,0.0,138,138
MTg_VTR_PBP,212,2,0,1,0.288321167883,2.52388584984,138,410
MTg_VTR_PBP,212,2,0,2,0.493765586035,1.56524755759,138,263
MTg_VTR_PBP,212,2,1,0,0.288321167883,8.45813203748,410,138
MTg_VTR_PBP,212,2,1,1,1.0,0.0,410,410
MTg_VTR_PBP,212,2,1,2,0.44279346211,5.46717468003,410,263
MTg_VTR_PBP,212,2,2,0,0.493765586035,4.31508972859,263,138
MTg_VTR_PBP,212,2,2,1,0.44279346211,2.21359432442,263,410
MTg_VTR_PBP,212,2,2,2,1.0,0.0,263,263
MTg_VTR_PBP,212,3,0,0,1.0,0.0,114,114
MTg_VTR_PBP,212,3,0,1,0.296593186373,1.71464279075,114,385
MTg_VTR_PBP,212,3,0,2,0.391011235955,1.56524755759,114,331
MTg_VTR_PBP,212,3,1,0,0.296593186373,7.85748037841,385,114
MTg_VTR_PBP,212,3,1,1,1.0,0.0,385,385
MTg_VTR_PBP,212,3,1,2,0.533519553073,4.31508972859,385,331
MTg_VTR_PBP,212,3,2,0,0.391011235955,5.93969686081,331,114
MTg_VTR_PBP,212,3,2,1,0.533519553073,3.05122920852,331,385
MTg_VTR_PBP,212,3,2,2,1.0,0.0,331,331
MTg_VTR_PBP,212,4,0,0,1.0,0.0,166,166
MTg_VTR_PBP,212,4,0,1,0.384364820847,1.71464279075,166,448
MTg_VTR_PBP,212,4,0,2,0.505446623094,1.71464279075,166,293
MTg_VTR_PBP,212,4,1,0,0.384364820847,6.64078297326,448,166
MTg_VTR_PBP,212,4,1,1,1.0,0.0,448,448
MTg_VTR_PBP,212,4,1,2,0.518218623482,4.59020688884,448,293
MTg_VTR_PBP,212,4,2,0,0.505446623094,4.0211937841,293,166
MTg_VTR_PBP,212,4,2,1,0.518218623482,4.31508972859,293,448
MTg_VTR_PBP,212,4,2,2,1.0,0.0,293,293
MTg_VTR_PBP,212,5,0,0,1.0,0.0,129,129
MTg_VTR_PBP,212,5,0,1,0.314847942755,1.56524755759,129,430
MTg_VTR_PBP,212,5,0,2,0.442190669371,0.989949476802,129,364
MTg_VTR_PBP,212,5,1,0,0.314847942755,8.16333251376,430,129
MTg_VTR_PBP,212,5,1,1,1.0,0.0,430,430
MTg_VTR_PBP,212,5,1,2,0.539042821159,2.96984843041,430,364
MTg_VTR_PBP,212,5,2,0,0.442190669371,5.81463660502,364,129
MTg_VTR_PBP,212,5,2,1,0.539042821159,4.19999992847,364,430
MTg_VTR_PBP,212,5,2,2,1.0,0.0,364,364
MTg_VTR_PBP,212,6,0,0,1.0,0.0,121,121
MTg_VTR_PBP,212,6,0,1,0.300500834725,0.989949476802,121,478
MTg_VTR_PBP,212,6,0,2,0.437209302326,0.989949476802,121,309
MTg_VTR_PBP,212,6,1,0,0.300500834725,8.19328979797,478,121
MTg_VTR_PBP,212,6,1,1,1.0,0.0,478,478
MTg_VTR_PBP,212,6,1,2,0.518424396442,4.74763090734,478,309
MTg_VTR_PBP,212,6,2,0,0.437209302326,4.99899981485,309,121
MTg_VTR_PBP,212,6,2,1,0.518424396442,3.56931359873,309,478
MTg_VTR_PBP,212,6,2,2,1.0,0.0,309,309
MTg_VTR_PBP,212,7,0,0,1.0,0.0,213,213
MTg_VTR_PBP,212,7,0,1,0.440129449838,2.61916012614,213,405
MTg_VTR_PBP,212,7,0,2,0.646464646465,1.56524755759,213,282
MTg_VTR_PBP,212,7,1,0,0.440129449838,5.856620086,405,213
MTg_VTR_PBP,212,7,1,1,1.0,0.0,405,405
MTg_VTR_PBP,212,7,1,2,0.521106259098,4.59020688884,405,282
MTg_VTR_PBP,212,7,2,0,0.646464646465,2.88617388878,282,213
MTg_VTR_PBP,212,7,2,1,0.521106259098,3.28329097596,282,405
MTg_VTR_PBP,212,7,2,2,1.0,0.0,282,282
MTg_VTR_VTA,213,0,0,0,1.0,0.0,87,87
MTg_VTR_VTA,213,0,0,1,0.145833333333,5.04777169969,87,105
MTg_VTR_VTA,213,0,0,2,0.546583850932,3.56931359873,87,74
MTg_VTR_VTA,213,0,1,0,0.145833333333,5.37680193194,105,87
MTg_VTR_VTA,213,0,1,1,1.0,0.0,105,105
MTg_VTR_VTA,213,0,1,2,0.279329608939,4.59020688884,105,74
MTg_VTR_VTA,213,0,2,0,0.546583850932,1.21243554465,74,87
MTg_VTR_VTA,213,0,2,1,0.279329608939,1.56524755759,74,105
MTg_VTR_VTA,213,0,2,2,1.0,0.0,74,74
MTg_VTR_VTA,213,1,0,0,1.0,0.0,109,109
MTg_VTR_VTA,213,1,0,1,0.129353233831,6.60378667998,109,92
MTg_VTR_VTA,213,1,0,2,0.480446927374,4.14125577764,109,70
MTg_VTR_VTA,213,1,1,0,0.129353233831,5.28488401469,92,109
MTg_VTR_VTA,213,1,1,1,1.0,0.0,92,92
MTg_VTR_VTA,213,1,1,2,0.246913580247,5.28488401469,92,70
MTg_VTR_VTA,213,1,2,0,0.480446927374,1.21243554465,70,109
MTg_VTR_VTA,213,1,2,1,0.246913580247,2.52388584984,70,92
MTg_VTR_VTA,213,1,2,2,1.0,0.0,70,70
MTg_VTR_VTA,213,2,0,0,1.0,0.0,116,116
MTg_VTR_VTA,213,2,0,1,0.144680851064,4.64327462742,116,119
MTg_VTR_VTA,213,2,0,2,0.571428571429,3.4999999404,116,73
MTg_VTR_VTA,213,2,1,0,0.144680851064,5.6868267864,119,116
MTg_VTR_VTA,213,2,1,1,1.0,0.0,119,119
MTg_VTR_VTA,213,2,1,2,0.208333333333,4.94974738401,119,73
MTg_VTR_VTA,213,2,2,0,0.571428571429,1.21243554465,73,116
MTg_VTR_VTA,213,2,2,1,0.208333333333,2.52388584984,73,119
MTg_VTR_VTA,213,2,2,2,1.0,0.0,73,73
MTg_VTR_VTA,213,3,0,0,1.0,0.0,106,106
MTg_VTR_VTA,213,3,0,1,0.175732217573,4.74763090734,106,133
MTg_VTR_VTA,213,3,0,2,0.621468926554,4.08166625688,106,71
MTg_VTR_VTA,213,3,1,0,0.175732217573,6.14247496657,133,106
MTg_VTR_VTA,213,3,1,1,1.0,0.0,133,133
MTg_VTR_VTA,213,3,1,2,0.303921568627,6.14247496657,133,71
MTg_VTR_VTA,213,3,2,0,0.621468926554,0.989949476802,71,106
MTg_VTR_VTA,213,3,2,1,0.303921568627,1.9798989536,71,133
MTg_VTR_VTA,213,3,2,2,1.0,0.0,71,71
MTg_VTR_VTA,213,4,0,0,1.0,0.0,94,94
MTg_VTR_VTA,213,4,0,1,0.406091370558,3.56931359873,94,103
MTg_VTR_VTA,213,4,0,2,0.497175141243,2.96984843041,94,83
MTg_VTR_VTA,213,4,1,0,0.406091370558,5.51180541794,103,94
MTg_VTR_VTA,213,4,1,1,1.0,0.0,103,103
MTg_VTR_VTA,213,4,1,2,0.365591397849,5.46717468003,103,83
MTg_VTR_VTA,213,4,2,0,0.497175141243,1.56524755759,83,94
MTg_VTR_VTA,213,4,2,1,0.365591397849,2.32163731371,83,103
MTg_VTR_VTA,213,4,2,2,1.0,0.0,83,83
MTg_VTR_VTA,213,5,0,0,1.0,0.0,90,90
MTg_VTR_VTA,213,5,0,1,0.247619047619,4.74763090734,90,120
MTg_VTR_VTA,213,5,0,2,0.477777777778,3.4999999404,90,90
MTg_VTR_VTA,213,5,1,0,0.247619047619,6.14247496657,120,90
MTg_VTR_VTA,213,5,1,1,1.0,0.0,120,120
MTg_VTR_VTA,213,5,1,2,0.32380952381,4.48218688987,120,90
MTg_VTR_VTA,213,5,2,0,0.477777777778,1.71464279075,90,90
MTg_VTR_VTA,213,5,2,1,0.32380952381,1.9798989536,90,120
MTg_VTR_VTA,213,5,2,2,1.0,0.0,90,90
MTg_VTR_VTA,213,6,0,0,1.0,0.0,100,100
MTg_VTR_VTA,213,6,0,1,0.0203045685279,6.78675168481,100,97
MTg_VTR_VTA,213,6,0,2,0.388235294118,4.08166625688,100,70
MTg_VTR_VTA,213,6,1,0,0.0203045685279,6.29999989271,97,100
MTg_VTR_VTA,213,6,1,1,1.0,0.0,97,97
MTg_VTR_VTA,213,6,1,2,0.155688622754,4.69574267278,97,70
MTg_VTR_VTA,213,6,2,0,0.388235294118,1.71464279075,70,100
MTg_VTR_VTA,213,6,2,1,0.155688622754,3.20780293184,70,97
MTg_VTR_VTA,213,6,2,2,1.0,0.0,70,70
MTg_VTR_VTA,213,7,0,0,1.0,0.0,110,110
MTg_VTR_VTA,213,7,0,1,0.173913043478,4.42718864884,110,97
MTg_VTR_VTA,213,7,0,2,0.591397849462,2.52388584984,110,76
MTg_VTR_VTA,213,7,1,0,0.173913043478,5.46717468003,97,110
MTg_VTR_VTA,213,7,1,1,1.0,0.0,97,97
MTg_VTR_VTA,213,7,1,2,0.231213872832,5.6435803277,97,76
MTg_VTR_VTA,213,7,2,0,0.591397849462,0.989949476802,76,110
MTg_VTR_VTA,213,7,2,1,0.231213872832,2.4248710893,76,97
MTg_VTR_VTA,213,7,2,2,1.0,0.0,76,76
BN_GP_VeP,214,0,0,0,1.0,0.0,207,207
BN_GP_VeP,214,0,0,1,0.694117647059,0.699999988079,207,303
BN_GP_VeP,214,0,0,2,0.546762589928,1.71464279075,207,210
BN_GP_VeP,214,0,1,0,0.694117647059,2.79999995232,303,207
BN_GP_VeP,214,0,1,1,1.0,0.0,303,303
BN_GP_VeP,214,0,1,2,0.740740740741,2.21359432442,303,210
BN_GP_VeP,214,0,2,0,0.546762589928,1.56524755759,210,207
BN_GP_VeP,214,0,2,1,0.740740740741,0.989949476802,210,303
BN_GP_VeP,214,0,2,2,1.0,0.0,210,210
BN_GP_VeP,214,1,0,0,1.0,0.0,243,243
BN_GP_VeP,214,1,0,1,0.652452025586,1.71464279075,243,226
BN_GP_VeP,214,1,0,2,0.469483568075,2.52388584984,243,183
BN_GP_VeP,214,1,1,0,0.652452025586,0.989949476802,226,243
BN_GP_VeP,214,1,1,1,1.0,0.0,226,226
BN_GP_VeP,214,1,1,2,0.655256723716,1.56524755759,226,183
BN_GP_VeP,214,1,2,0,0.469483568075,1.39999997616,183,243
BN_GP_VeP,214,1,2,1,0.655256723716,1.56524755759,183,226
BN_GP_VeP,214,1,2,2,1.0,0.0,183,183
BN_GP_VeP,214,2,0,0,1.0,0.0,233,233
BN_GP_VeP,214,2,0,1,0.55023923445,2.52388584984,233,185
BN_GP_VeP,214,2,0,2,0.468468468468,1.56524755759,233,211
BN_GP_VeP,214,2,1,0,0.55023923445,1.71464279075,185,233
BN_GP_VeP,214,2,1,1,1.0,0.0,185,185
BN_GP_VeP,214,2,1,2,0.555555555556,1.56524755759,185,211
BN_GP_VeP,214,2,2,0,0.468468468468,2.52388584984,211,233
BN_GP_VeP,214,2,2,1,0.555555555556,1.71464279075,211,185
BN_GP_VeP,214,2,2,2,1.0,0.0,211,211
BN_GP_VeP,214,3,0,0,1.0,0.0,166,166
BN_GP_VeP,214,3,0,1,0.681948424069,1.21243554465,166,183
BN_GP_VeP,214,3,0,2,0.37908496732,1.71464279075,166,140
BN_GP_VeP,214,3,1,0,0.681948424069,1.71464279075,183,166
BN_GP_VeP,214,3,1,1,1.0,0.0,183,183
BN_GP_VeP,214,3,1,2,0.501547987616,2.09999996424,183,140
BN_GP_VeP,214,3,2,0,0.37908496732,2.32163731371,140,166
BN_GP_VeP,214,3,2,1,0.501547987616,1.56524755759,140,183
BN_GP_VeP,214,3,2,2,1.0,0.0,140,140
BN_GP_VeP,214,4,0,0,1.0,0.0,143,143
BN_GP_VeP,214,4,0,1,0.55900621118,1.9798989536,143,179
BN_GP_VeP,214,4,0,2,0.483460559796,1.21243554465,143,250
BN_GP_VeP,214,4,1,0,0.55900621118,1.71464279075,179,143
BN_GP_VeP,214,4,1,1,1.0,0.0,179,179
BN_GP_VeP,214,4,1,2,0.470862470862,1.39999997616,179,250
BN_GP_VeP,214,4,2,0,0.483460559796,2.96984843041,250,143
BN_GP_VeP,214,4,2,1,0.470862470862,2.09999996424,250,179
BN_GP_VeP,214,4,2,2,1.0,0.0,250,250
BN_GP_VeP,214,5,0,0,1.0,0.0,122,122
BN_GP_VeP,214,5,0,1,0.723247232472,0.989949476802,122,149
BN_GP_VeP,214,5,0,2,0.33908045977,1.56524755759,122,226
BN_GP_VeP,214,5,1,0,0.723247232472,0.989949476802,149,122
BN_GP_VeP,214,5,1,1,1.0,0.0,149,149
BN_GP_VeP,214,5,1,2,0.389333333333,1.56524755759,149,226
BN_GP_VeP,214,5,2,0,0.33908045977,2.79999995232,226,122
BN_GP_VeP,214,5,2,1,0.389333333333,2.4248710893,226,149
BN_GP_VeP,214,5,2,2,1.0,0.0,226,226
BN_GP_VeP,214,6,0,0,1.0,0.0,97,97
BN_GP_VeP,214,6,0,1,0.444444444444,1.39999997616,97,218
BN_GP_VeP,214,6,0,2,0.272727272727,1.71464279075,97,167
BN_GP_VeP,214,6,1,0,0.444444444444,2.21359432442,218,97
BN_GP_VeP,214,6,1,1,1.0,0.0,218,218
BN_GP_VeP,214,6,1,2,0.612987012987,2.09999996424,218,167
BN_GP_VeP,214,6,2,0,0.272727272727,2.61916012614,167,97
BN_GP_VeP,214,6,2,1,0.612987012987,1.9798989536,167,218
BN_GP_VeP,214,6,2,2,1.0,0.0,167,167
BN_GP_VeP,214,7,0,0,1.0,0.0,269,269
BN_GP_VeP,214,7,0,1,0.736283185841,1.21243554465,269,296
BN_GP_VeP,214,7,0,2,0.490654205607,2.88617388878,269,159
BN_GP_VeP,214,7,1,0,0.736283185841,1.56524755759,296,269
BN_GP_VeP,214,7,1,1,1.0,0.0,296,296
BN_GP_VeP,214,7,1,2,0.373626373626,2.32163731371,296,159
BN_GP_VeP,214,7,2,0,0.490654205607,1.39999997616,159,269
BN_GP_VeP,214,7,2,1,0.373626373626,1.39999997616,159,296
BN_GP_VeP,214,7,2,2,1.0,0.0,159,159
THM_ETH_HN,400,0,0,0,1.0,0.0,83,83
THM_ETH_HN,400,0,0,1,0.795180722892,0.989949476802,83,83
THM_ETH_HN,400,0,0,2,0.647058823529,1.56524755759,83,53
THM_ETH_HN,400,0,1,0,0.795180722892,1.71464279075,83,83
THM_ETH_HN,400,0,1,1,1.0,0.0,83,83
THM_ETH_HN,400,0,1,2,0.661764705882,1.56524755759,83,53
THM_ETH_HN,400,0,2,0,0.647058823529,0.989949476802,53,83
THM_ETH_HN,400,0,2,1,0.661764705882,0.989949476802,53,83
THM_ETH_HN,400,0,2,2,1.0,0.0,53,53
THM_ETH_HN,400,1,0,0,1.0,0.0,102,102
THM_ETH_HN,400,1,0,1,0.78,0.989949476802,102,98
THM_ETH_HN,400,1,0,2,0.738095238095,0.989949476802,102,66
THM_ETH_HN,400,1,1,0,0.78,1.56524755759,98,102
THM_ETH_HN,400,1,1,1,1.0,0.0,98,98
THM_ETH_HN,400,1,1,2,0.756097560976,0.989949476802,98,66
THM_ETH_HN,400,1,2,0,0.738095238095,0.699999988079,66,102
THM_ETH_HN,400,1,2,1,0.756097560976,0.699999988079,66,98
THM_ETH_HN,400,1,2,2,1.0,0.0,66,66
THM_ETH_HN,400,2,0,0,1.0,0.0,92,92
THM_ETH_HN,400,2,0,1,0.788235294118,0.989949476802,92,78
THM_ETH_HN,400,2,0,2,0.829545454545,0.699999988079,92,84
THM_ETH_HN,400,2,1,0,0.788235294118,1.56524755759,78,92
THM_ETH_HN,400,2,1,1,1.0,0.0,78,78
THM_ETH_HN,400,2,1,2,0.814814814815,0.699999988079,78,84
THM_ETH_HN,400,2,2,0,0.829545454545,1.56524755759,84,92
THM_ETH_HN,400,2,2,1,0.814814814815,0.989949476802,84,78
THM_ETH_HN,400,2,2,2,1.0,0.0,84,84
THM_ETH_HN,400,3,0,0,1.0,0.0,79,79
THM_ETH_HN,400,3,0,1,0.831460674157,0.699999988079,79,99
THM_ETH_HN,400,3,0,2,0.84076433121,0.989949476802,79,78
THM_ETH_HN,400,3,1,0,0.831460674157,1.56524755759,99,79
THM_ETH_HN,400,3,1,1,1.0,0.0,99,99
THM_ETH_HN,400,3,1,2,0.802259887006,2.09999996424,99,78
THM_ETH_HN,400,3,2,0,0.84076433121,0.989949476802,78,79
THM_ETH_HN,400,3,2,1,0.802259887006,0.699999988079,78,99
THM_ETH_HN,400,3,2,2,1.0,0.0,78,78
THM_ETH_HN,400,4,0,0,1.0,0.0,103,103
THM_ETH_HN,400,4,0,1,0.842105263158,0.989949476802,103,87
THM_ETH_HN,400,4,0,2,0.835164835165,0.989949476802,103,79
THM_ETH_HN,400,4,1,0,0.842105263158,0.699999988079,87,103
THM_ETH_HN,400,4,1,1,1.0,0.0,87,87
THM_ETH_HN,400,4,1,2,0.843373493976,0.699999988079,87,79
THM_ETH_HN,400,4,2,0,0.835164835165,0.699999988079,79,103
THM_ETH_HN,400,4,2,1,0.843373493976,0.699999988079,79,87
THM_ETH_HN,400,4,2,2,1.0,0.0,79,79
THM_ETH_HN,400,5,0,0,1.0,0.0,99,99
THM_ETH_HN,400,5,0,1,0.902564102564,0.989949476802,99,96
THM_ETH_HN,400,5,0,2,0.879120879121,0.989949476802,99,83
THM_ETH_HN,400,5,1,0,0.902564102564,1.56524755759,96,99
THM_ETH_HN,400,5,1,1,1.0,0.0,96,96
THM_ETH_HN,400,5,1,2,0.860335195531,0.699999988079,96,83
THM_ETH_HN,400,5,2,0,0.879120879121,0.989949476802,83,99
THM_ETH_HN,400,5,2,1,0.860335195531,0.699999988079,83,96
THM_ETH_HN,400,5,2,2,1.0,0.0,83,83
THM_ETH_HN,400,6,0,0,1.0,0.0,87,87
THM_ETH_HN,400,6,0,1,0.842696629213,0.699999988079,87,91
THM_ETH_HN,400,6,0,2,0.833333333333,1.21243554465,87,69
THM_ETH_HN,400,6,1,0,0.842696629213,0.989949476802,91,87
THM_ETH_HN,400,6,1,1,1.0,0.0,91,91
THM_ETH_HN,400,6,1,2,0.825,1.21243554465,91,69
THM_ETH_HN,400,6,2,0,0.833333333333,0.699999988079,69,87
THM_ETH_HN,400,6,2,1,0.825,0.699999988079,69,91
THM_ETH_HN,400,6,2,2,1.0,0.0,69,69
THM_ETH_HN,400,7,0,0,1.0,0.0,92,92
THM_ETH_HN,400,7,0,1,0.875675675676,0.699999988079,92,93
THM_ETH_HN,400,7,0,2,0.792452830189,1.21243554465,92,67
THM_ETH_HN,400,7,1,0,0.875675675676,0.989949476802,93,92
THM_ETH_HN,400,7,1,1,1.0,0.0,93,93
THM_ETH_HN,400,7,1,2,0.8125,2.09999996424,93,67
THM_ETH_HN,400,7,2,0,0.792452830189,0.699999988079,67,92
THM_ETH_HN,400,7,2,1,0.8125,0.699999988079,67,93
THM_ETH_HN,400,7,2,2,1.0,0.0,67,67
Die_HTH,410,0,0,0,1.0,0.0,1385,1385
Die_HTH,410,0,0,1,0.754027261462,1.56524755759,1385,1843
Die_HTH,410,0,0,2,0.692581794623,1.56524755759,1385,1702
Die_HTH,410,0,1,0,0.754027261462,6.4915328363,1843,1385
Die_HTH,410,0,1,1,1.0,0.0,1843,1843
Die_HTH,410,0,1,2,0.783074753173,2.88617388878,1843,1702
Die_HTH,410,0,2,0,0.692581794623,6.14247496657,1702,1385
Die_HTH,410,0,2,1,0.783074753173,2.61916012614,1702,1843
Die_HTH,410,0,2,2,1.0,0.0,1702,1702
Die_HTH,410,1,0,0,1.0,0.0,1614,1614
Die_HTH,410,1,0,1,0.727326791555,4.08166625688,1614,1749
Die_HTH,410,1,0,2,0.711484593838,4.0211937841,1614,1956
Die_HTH,410,1,1,0,0.727326791555,5.23832025228,1749,1614
Die_HTH,410,1,1,1,1.0,0.0,1749,1749
Die_HTH,410,1,1,2,0.705533063428,3.28329097596,1749,1956
Die_HTH,410,1,2,0,0.711484593838,5.6435803277,1956,1614
Die_HTH,410,1,2,1,0.705533063428,4.08166625688,1956,1749
Die_HTH,410,1,2,2,1.0,0.0,1956,1956
Die_HTH,410,2,0,0,1.0,0.0,1878,1878
Die_HTH,410,2,0,1,0.743861607143,2.88617388878,1878,1706
Die_HTH,410,2,0,2,0.699075297226,2.96984843041,1878,1907
Die_HTH,410,2,1,0,0.743861607143,6.06217772325,1706,1878
Die_HTH,410,2,1,1,1.0,0.0,1706,1706
Die_HTH,410,2,1,2,0.76667589261,2.61916012614,1706,1907
Die_HTH,410,2,2,0,0.699075297226,4.74763090734,1907,1878
Die_HTH,410,2,2,1,0.76667589261,2.88617388878,1907,1706
Die_HTH,410,2,2,2,1.0,0.0,1907,1907
Die_HTH,410,3,0,0,1.0,0.0,1684,1684
Die_HTH,410,3,0,1,0.795918367347,1.9798989536,1684,1648
Die_HTH,410,3,0,2,0.663902565431,2.21359432442,1684,2175
Die_HTH,410,3,1,0,0.795918367347,4.0211937841,1648,1684
Die_HTH,410,3,1,1,1.0,0.0,1648,1648
Die_HTH,410,3,1,2,0.700496991891,2.96984843041,1648,2175
Die_HTH,410,3,2,0,0.663902565431,4.99899981485,2175,1684
Die_HTH,410,3,2,1,0.700496991891,3.95979790721,2175,1648
Die_HTH,410,3,2,2,1.0,0.0,2175,2175
Die_HTH,410,4,0,0,1.0,0.0,1874,1874
Die_HTH,410,4,0,1,0.718546637744,2.21359432442,1874,1814
Die_HTH,410,4,0,2,0.63477771525,3.56931359873,1874,1680
Die_HTH,410,4,1,0,0.718546637744,4.2579336987,1814,1874
Die_HTH,410,4,1,1,1.0,0.0,1814,1814
Die_HTH,410,4,1,2,0.767029192902,2.96984843041,1814,1680
Die_HTH,410,4,2,0,0.63477771525,4.69574267278,1680,1874
Die_HTH,410,4,2,1,0.767029192902,3.13049511519,1680,1814
Die_HTH,410,4,2,2,1.0,0.0,1680,1680
Die_HTH,410,5,0,0,1.0,0.0,1649,1649
Die_HTH,410,5,0,1,0.725455614345,2.52388584984,1649,1753
Die_HTH,410,5,0,2,0.679097744361,2.09999996424,1649,1676
Die_HTH,410,5,1,0,0.725455614345,4.99899981485,1753,1649
Die_HTH,410,5,1,1,1.0,0.0,1753,1753
Die_HTH,410,5,1,2,0.739574219889,2.88617388878,1753,1676
Die_HTH,410,5,2,0,0.679097744361,4.53651841163,1676,1649
Die_HTH,410,5,2,1,0.739574219889,3.20780293184,1676,1753
Die_HTH,410,5,2,2,1.0,0.0,1676,1676
Die_HTH,410,6,0,0,1.0,0.0,1662,1662
Die_HTH,410,6,0,1,0.701703725094,2.09999996424,1662,1801
Die_HTH,410,6,0,2,0.719428571429,3.4999999404,1662,1838
Die_HTH,410,6,1,0,0.701703725094,7.57165754953,1801,1662
Die_HTH,410,6,1,1,1.0,0.0,1801,1801
Die_HTH,410,6,1,2,0.751305303655,4.14125577764,1801,1838
Die_HTH,410,6,2,0,0.719428571429,5.09607683571,1838,1662
Die_HTH,410,6,2,1,0.751305303655,3.4999999404,1838,1801
Die_HTH,410,6,2,2,1.0,0.0,1838,1838
Die_HTH,410,7,0,0,1.0,0.0,1522,1522
Die_HTH,410,7,0,1,0.743521000894,2.52388584984,1522,1835
Die_HTH,410,7,0,2,0.65112053301,2.09999996424,1522,1780
Die_HTH,410,7,1,0,0.743521000894,7.13862719746,1835,1522
Die_HTH,410,7,1,1,1.0,0.0,1835,1835
Die_HTH,410,7,1,2,0.745781466113,2.52388584984,1835,1780
Die_HTH,410,7,2,0,0.65112053301,6.18223250115,1780,1522
Die_HTH,410,7,2,1,0.745781466113,3.56931359873,1780,1835
Die_HTH,410,7,2,2,1.0,0.0,1780,1780
Die_HTH_MN,411,0,0,0,1.0,0.0,102,102
Die_HTH_MN,411,0,0,1,0.597014925373,0.989949476802,102,233
Die_HTH_MN,411,0,0,2,0.695652173913,0.989949476802,102,128
Die_HTH_MN,411,0,1,0,0.597014925373,2.09999996424,233,102
Die_HTH_MN,411,0,1,1,1.0,0.0,233,233
Die_HTH_MN,411,0,1,2,0.709141274238,1.39999997616,233,128
Die_HTH_MN,411,0,2,0,0.695652173913,2.09999996424,128,102
Die_HTH_MN,411,0,2,1,0.709141274238,0.699999988079,128,233
Die_HTH_MN,411,0,2,2,1.0,0.0,128,128
Die_HTH_MN,411,1,0,0,1.0,0.0,191,191
Die_HTH_MN,411,1,0,1,0.766584766585,0.989949476802,191,216
Die_HTH_MN,411,1,0,2,0.595611285266,2.4248710893,191,128
Die_HTH_MN,411,1,1,0,0.766584766585,1.39999997616,216,191
Die_HTH_MN,411,1,1,1,1.0,0.0,216,216
Die_HTH_MN,411,1,1,2,0.703488372093,1.71464279075,216,128
Die_HTH_MN,411,1,2,0,0.595611285266,1.39999997616,128,191
Die_HTH_MN,411,1,2,1,0.703488372093,1.21243554465,128,216
Die_HTH_MN,411,1,2,2,1.0,0.0,128,128
Die_HTH_MN,411,2,0,0,1.0,0.0,179,179
Die_HTH_MN,411,2,0,1,0.805479452055,1.21243554465,179,186
Die_HTH_MN,411,2,0,2,0.765363128492,0.989949476802,179,179
Die_HTH_MN,411,2,1,0,0.805479452055,1.39999997616,186,179
Die_HTH_MN,411,2,1,1,1.0,0.0,186,186
Die_HTH_MN,411,2,1,2,0.794520547945,0.989949476802,186,179
Die_HTH_MN,411,2,2,0,0.765363128492,1.56524755759,179,179
Die_HTH_MN,411,2,2,1,0.794520547945,1.21243554465,179,186
Die_HTH_MN,411,2,2,2,1.0,0.0,179,179
Die_HTH_MN,411,3,0,0,1.0,0.0,185,185
Die_HTH_MN,411,3,0,1,0.823834196891,1.39999997616,185,201
Die_HTH_MN,411,3,0,2,0.710227272727,1.39999997616,185,167
Die_HTH_MN,411,3,1,0,0.823834196891,1.39999997616,201,185
Die_HTH_MN,411,3,1,1,1.0,0.0,201,201
Die_HTH_MN,411,3,1,2,0.79347826087,0.989949476802,201,167
Die_HTH_MN,411,3,2,0,0.710227272727,1.39999997616,167,185
Die_HTH_MN,411,3,2,1,0.79347826087,0.989949476802,167,201
Die_HTH_MN,411,3,2,2,1.0,0.0,167,167
Die_HTH_MN,411,4,0,0,1.0,0.0,192,192
Die_HTH_MN,411,4,0,1,0.838554216867,0.989949476802,192,223
Die_HTH_MN,411,4,0,2,0.753315649867,1.21243554465,192,185
Die_HTH_MN,411,4,1,0,0.838554216867,1.39999997616,223,192
Die_HTH_MN,411,4,1,1,1.0,0.0,223,223
Die_HTH_MN,411,4,1,2,0.799019607843,0.989949476802,223,185
Die_HTH_MN,411,4,2,0,0.753315649867,1.56524755759,185,192
Die_HTH_MN,411,4,2,1,0.799019607843,0.989949476802,185,223
Die_HTH_MN,411,4,2,2,1.0,0.0,185,185
Die_HTH_MN,411,5,0,0,1.0,0.0,190,190
Die_HTH_MN,411,5,0,1,0.804819277108,0.989949476802,190,225
Die_HTH_MN,411,5,0,2,0.732095490716,0.989949476802,190,187
Die_HTH_MN,411,5,1,0,0.804819277108,1.39999997616,225,190
Die_HTH_MN,411,5,1,1,1.0,0.0,225,225
Die_HTH_MN,411,5,1,2,0.839805825243,0.989949476802,225,187
Die_HTH_MN,411,5,2,0,0.732095490716,1.39999997616,187,190
Die_HTH_MN,411,5,2,1,0.839805825243,0.699999988079,187,225
Die_HTH_MN,411,5,2,2,1.0,0.0,187,187
Die_HTH_MN,411,6,0,0,1.0,0.0,187,187
Die_HTH_MN,411,6,0,1,0.862337662338,0.699999988079,187,198
Die_HTH_MN,411,6,0,2,0.815584415584,0.989949476802,187,198
Die_HTH_MN,411,6,1,0,0.862337662338,1.39999997616,198,187
Die_HTH_MN,411,6,1,1,1.0,0.0,198,198
Die_HTH_MN,411,6,1,2,0.843434343434,0.699999988079,198,198
Die_HTH_MN,411,6,2,0,0.815584415584,1.39999997616,198,187
Die_HTH_MN,411,6,2,1,0.843434343434,0.699999988079,198,198
Die_HTH_MN,411,6,2,2,1.0,0.0,198,198
Die_HTH_MN,411,7,0,0,1.0,0.0,169,169
Die_HTH_MN,411,7,0,1,0.866855524079,0.699999988079,169,184
Die_HTH_MN,411,7,0,2,0.774928774929,0.989949476802,169,182
Die_HTH_MN,411,7,1,0,0.866855524079,1.39999997616,184,169
Die_HTH_MN,411,7,1,1,1.0,0.0,184,184
Die_HTH_MN,411,7,1,2,0.83606557377,0.989949476802,184,182
Die_HTH_MN,411,7,2,0,0.774928774929,1.39999997616,182,169
Die_HTH_MN,411,7,2,1,0.83606557377,0.699999988079,182,184
Die_HTH_MN,411,7,2,2,1.0,0.0,182,182
Die_STH,420,0,0,0,1.0,0.0,362,362
Die_STH,420,0,0,1,0.818396226415,0.699999988079,362,486
Die_STH,420,0,0,2,0.820995962315,0.989949476802,362,381
Die_STH,420,0,1,0,0.818396226415,1.71464279075,486,362
Die_STH,420,0,1,1,1.0,0.0,486,486
Die_STH,420,0,1,2,0.848904267589,0.989949476802,486,381
Die_STH,420,0,2,0,0.820995962315,1.39999997616,381,362
Die_STH,420,0,2,1,0.848904267589,0.989949476802,381,486
Die_STH,420,0,2,2,1.0,0.0,381,381
Die_STH,420,1,0,0,1.0,0.0,289,289
Die_STH,420,1,0,1,0.702702702703,0.989949476802,289,488
Die_STH,420,1,0,2,0.64578313253,1.21243554465,289,541
Die_STH,420,1,1,0,0.702702702703,2.96984843041,488,289
Die_STH,420,1,1,1,1.0,0.0,488,488
Die_STH,420,1,1,2,0.794946550049,1.56524755759,488,541
Die_STH,420,1,2,0,0.64578313253,2.21359432442,541,289
Die_STH,420,1,2,1,0.794946550049,1.39999997616,541,488
Die_STH,420,1,2,2,1.0,0.0,541,541
Die_STH,420,2,0,0,1.0,0.0,284,284
Die_STH,420,2,0,1,0.760736196319,0.989949476802,284,368
Die_STH,420,2,0,2,0.716560509554,0.989949476802,284,344
Die_STH,420,2,1,0,0.760736196319,2.09999996424,368,284
Die_STH,420,2,1,1,1.0,0.0,368,368
Die_STH,420,2,1,2,0.851123595506,0.989949476802,368,344
Die_STH,420,2,2,0,0.716560509554,2.09999996424,344,284
Die_STH,420,2,2,1,0.851123595506,0.989949476802,344,368
Die_STH,420,2,2,2,1.0,0.0,344,344
Die_STH,420,3,0,0,1.0,0.0,328,328
Die_STH,420,3,0,1,0.801526717557,0.699999988079,328,458
Die_STH,420,3,0,2,0.754829123328,1.71464279075,328,345
Die_STH,420,3,1,0,0.801526717557,1.71464279075,458,328
Die_STH,420,3,1,1,1.0,0.0,458,458
Die_STH,420,3,1,2,0.762141967621,1.71464279075,458,345
Die_STH,420,3,2,0,0.754829123328,1.56524755759,345,328
Die_STH,420,3,2,1,0.762141967621,1.21243554465,345,458
Die_STH,420,3,2,2,1.0,0.0,345,345
Die_STH,420,4,0,0,1.0,0.0,295,295
Die_STH,420,4,0,1,0.762035763411,0.989949476802,295,432
Die_STH,420,4,0,2,0.597523219814,1.56524755759,295,351
Die_STH,420,4,1,0,0.762035763411,3.4999999404,432,295
Die_STH,420,4,1,1,1.0,0.0,432,432
Die_STH,420,4,1,2,0.727969348659,1.56524755759,432,351
Die_STH,420,4,2,0,0.597523219814,2.21359432442,351,295
Die_STH,420,4,2,1,0.727969348659,1.56524755759,351,432
Die_STH,420,4,2,2,1.0,0.0,351,351
Die_STH,420,5,0,0,1.0,0.0,302,302
Die_STH,420,5,0,1,0.781767955801,0.989949476802,302,422
Die_STH,420,5,0,2,0.637566137566,1.21243554465,302,454
Die_STH,420,5,1,0,0.781767955801,2.79999995232,422,302
Die_STH,420,5,1,1,1.0,0.0,422,422
Die_STH,420,5,1,2,0.762557077626,1.39999997616,422,454
Die_STH,420,5,2,0,0.637566137566,2.79999995232,454,302
Die_STH,420,5,2,1,0.762557077626,2.09999996424,454,422
Die_STH,420,5,2,2,1.0,0.0,454,454
Die_STH,420,6,0,0,1.0,0.0,391,391
Die_STH,420,6,0,1,0.809356725146,0.989949476802,391,464
Die_STH,420,6,0,2,0.704738760632,1.39999997616,391,432
Die_STH,420,6,1,0,0.809356725146,2.09999996424,464,391
Die_STH,420,6,1,1,1.0,0.0,464,464
Die_STH,420,6,1,2,0.736607142857,1.56524755759,464,432
Die_STH,420,6,2,0,0.704738760632,2.09999996424,432,391
Die_STH,420,6,2,1,0.736607142857,2.88617388878,432,464
Die_STH,420,6,2,2,1.0,0.0,432,432
Die_STH,420,7,0,0,1.0,0.0,412,412
Die_STH,420,7,0,1,0.786036036036,2.09999996424,412,476
Die_STH,420,7,0,2,0.763260025873,2.09999996424,412,361
Die_STH,420,7,1,0,0.786036036036,2.79999995232,476,412
Die_STH,420,7,1,1,1.0,0.0,476,476
Die_STH,420,7,1,2,0.79091995221,2.21359432442,476,361
Die_STH,420,7,2,0,0.763260025873,0.989949476802,361,412
Die_STH,420,7,2,1,0.79091995221,0.699999988079,361,476
Die_STH,420,7,2,2,1.0,0.0,361,361
